<?xml version="1.0" encoding="UTF-8"?>
<DEFECTS>
  <DEFECT>
    <SFA>
      <FILEPATH>c:\program files\boost_1_68_0\boost\exception\</FILEPATH>
      <FILENAME>exception.hpp</FILENAME>
      <LINE>173</LINE>
      <COLUMN>13</COLUMN>
    </SFA>
    <DEFECTCODE>26439</DEFECTCODE>
    <DESCRIPTION>This kind of function may not throw. Declare it 'noexcept' (f.6).</DESCRIPTION>
    <FUNCTION>boost::exception_detail::error_info_container::{dtor}</FUNCTION>
    <DECORATED>??1error_info_container@exception_detail@boost@@IEAA@XZ</DECORATED>
    <FUNCLINE>173</FUNCLINE>
    <PATH></PATH>
  </DEFECT>
  <DEFECT>
    <SFA>
      <FILEPATH>c:\program files\boost_1_68_0\boost\exception\</FILEPATH>
      <FILENAME>exception.hpp</FILENAME>
      <LINE>304</LINE>
      <COLUMN>5</COLUMN>
    </SFA>
    <DEFECTCODE>26439</DEFECTCODE>
    <DESCRIPTION>This kind of function may not throw. Declare it 'noexcept' (f.6).</DESCRIPTION>
    <FUNCTION>boost::exception::{dtor}</FUNCTION>
    <DECORATED>??1exception@boost@@MEAA@XZ</DECORATED>
    <FUNCLINE>304</FUNCLINE>
    <PATH></PATH>
  </DEFECT>
  <DEFECT>
    <SFA>
      <FILEPATH>c:\program files\boost_1_68_0\boost\exception\</FILEPATH>
      <FILENAME>exception.hpp</FILENAME>
      <LINE>428</LINE>
      <COLUMN>13</COLUMN>
    </SFA>
    <DEFECTCODE>26439</DEFECTCODE>
    <DESCRIPTION>This kind of function may not throw. Declare it 'noexcept' (f.6).</DESCRIPTION>
    <FUNCTION>boost::exception_detail::clone_base::{dtor}</FUNCTION>
    <DECORATED>??1clone_base@exception_detail@boost@@UEAA@XZ</DECORATED>
    <FUNCLINE>428</FUNCLINE>
    <PATH></PATH>
  </DEFECT>
  <DEFECT>
    <SFA>
      <FILEPATH>c:\program files\boost_1_68_0\boost\multi_index\detail\</FILEPATH>
      <FILENAME>index_matcher.hpp</FILENAME>
      <LINE>70</LINE>
      <COLUMN>2</COLUMN>
    </SFA>
    <DEFECTCODE>26495</DEFECTCODE>
    <DESCRIPTION>Variable 'boost::multi_index::detail::index_matcher::entry::pile_top' is uninitialized. Always initialize a member variable (type.6).</DESCRIPTION>
    <FUNCTION>boost::multi_index::detail::index_matcher::entry::{ctor}</FUNCTION>
    <DECORATED>??0entry@index_matcher@detail@multi_index@boost@@QEAA@PEAX_K@Z</DECORATED>
    <FUNCLINE>70</FUNCLINE>
    <PATH></PATH>
  </DEFECT>
  <DEFECT>
    <SFA>
      <FILEPATH>c:\program files\boost_1_68_0\boost\multi_index\detail\</FILEPATH>
      <FILENAME>index_matcher.hpp</FILENAME>
      <LINE>70</LINE>
      <COLUMN>2</COLUMN>
    </SFA>
    <DEFECTCODE>26495</DEFECTCODE>
    <DESCRIPTION>Variable 'boost::multi_index::detail::index_matcher::entry::ordered' is uninitialized. Always initialize a member variable (type.6).</DESCRIPTION>
    <FUNCTION>boost::multi_index::detail::index_matcher::entry::{ctor}</FUNCTION>
    <DECORATED>??0entry@index_matcher@detail@multi_index@boost@@QEAA@PEAX_K@Z</DECORATED>
    <FUNCLINE>70</FUNCLINE>
    <PATH></PATH>
  </DEFECT>
  <DEFECT>
    <SFA>
      <FILEPATH>c:\program files\boost_1_68_0\boost\multi_index\detail\</FILEPATH>
      <FILENAME>index_matcher.hpp</FILENAME>
      <LINE>70</LINE>
      <COLUMN>2</COLUMN>
    </SFA>
    <DEFECTCODE>26495</DEFECTCODE>
    <DESCRIPTION>Variable 'boost::multi_index::detail::index_matcher::entry::previous' is uninitialized. Always initialize a member variable (type.6).</DESCRIPTION>
    <FUNCTION>boost::multi_index::detail::index_matcher::entry::{ctor}</FUNCTION>
    <DECORATED>??0entry@index_matcher@detail@multi_index@boost@@QEAA@PEAX_K@Z</DECORATED>
    <FUNCLINE>70</FUNCLINE>
    <PATH></PATH>
  </DEFECT>
  <DEFECT>
    <SFA>
      <FILEPATH>c:\program files\boost_1_68_0\boost\multi_index\detail\</FILEPATH>
      <FILENAME>index_matcher.hpp</FILENAME>
      <LINE>70</LINE>
      <COLUMN>2</COLUMN>
    </SFA>
    <DEFECTCODE>26495</DEFECTCODE>
    <DESCRIPTION>Variable 'boost::multi_index::detail::index_matcher::entry::pile_top_entry' is uninitialized. Always initialize a member variable (type.6).</DESCRIPTION>
    <FUNCTION>boost::multi_index::detail::index_matcher::entry::{ctor}</FUNCTION>
    <DECORATED>??0entry@index_matcher@detail@multi_index@boost@@QEAA@PEAX_K@Z</DECORATED>
    <FUNCLINE>70</FUNCLINE>
    <PATH></PATH>
  </DEFECT>
  <DEFECT>
    <SFA>
      <FILEPATH>c:\program files\boost_1_68_0\boost\multi_index\detail\</FILEPATH>
      <FILENAME>scope_guard.hpp</FILENAME>
      <LINE>74</LINE>
      <COLUMN>2</COLUMN>
    </SFA>
    <DEFECTCODE>26495</DEFECTCODE>
    <DESCRIPTION>Variable 'boost::multi_index::detail::scope_guard_impl_base::dismissed_' is uninitialized. Always initialize a member variable (type.6).</DESCRIPTION>
    <FUNCTION>boost::multi_index::detail::scope_guard_impl_base::{ctor}</FUNCTION>
    <DECORATED>??0scope_guard_impl_base@detail@multi_index@boost@@IEAA@AEBV0123@@Z</DECORATED>
    <FUNCLINE>74</FUNCLINE>
    <PATH></PATH>
  </DEFECT>
  <DEFECT>
    <SFA>
      <FILEPATH>c:\program files\boost_1_68_0\boost\serialization\</FILEPATH>
      <FILENAME>serialization.hpp</FILENAME>
      <LINE>61</LINE>
      <COLUMN>0</COLUMN>
    </SFA>
    <DEFECTCODE>26495</DEFECTCODE>
    <DESCRIPTION>Variable 'boost::serialization::version_type::t' is uninitialized. Always initialize a member variable (type.6).</DESCRIPTION>
    <FUNCTION>boost::serialization::version_type::{ctor}</FUNCTION>
    <DECORATED>??0version_type@serialization@boost@@QEAA@AEBU012@@Z</DECORATED>
    <FUNCLINE>61</FUNCLINE>
    <PATH></PATH>
  </DEFECT>
  <DEFECT>
    <SFA>
      <FILEPATH>c:\program files\boost_1_68_0\boost\serialization\</FILEPATH>
      <FILENAME>collection_size_type.hpp</FILENAME>
      <LINE>29</LINE>
      <COLUMN>4</COLUMN>
    </SFA>
    <DEFECTCODE>26495</DEFECTCODE>
    <DESCRIPTION>Variable 'boost::serialization::collection_size_type::t' is uninitialized. Always initialize a member variable (type.6).</DESCRIPTION>
    <FUNCTION>boost::serialization::collection_size_type::{ctor}</FUNCTION>
    <DECORATED>??0collection_size_type@serialization@boost@@QEAA@AEBV012@@Z</DECORATED>
    <FUNCLINE>29</FUNCLINE>
    <PATH></PATH>
  </DEFECT>
  <DEFECT>
    <SFA>
      <FILEPATH>c:\program files\boost_1_68_0\boost\smart_ptr\detail\</FILEPATH>
      <FILENAME>shared_count.hpp</FILENAME>
      <LINE>432</LINE>
      <COLUMN>4</COLUMN>
    </SFA>
    <DEFECTCODE>26495</DEFECTCODE>
    <DESCRIPTION>Variable 'boost::detail::shared_count::pi_' is uninitialized. Always initialize a member variable (type.6).</DESCRIPTION>
    <FUNCTION>boost::detail::shared_count::{ctor}</FUNCTION>
    <DECORATED>??0shared_count@detail@boost@@QEAA@AEBV012@@Z</DECORATED>
    <FUNCLINE>432</FUNCLINE>
    <PATH></PATH>
  </DEFECT>
  <DEFECT>
    <SFA>
      <FILEPATH>c:\program files\boost_1_68_0\boost\smart_ptr\detail\</FILEPATH>
      <FILENAME>shared_count.hpp</FILENAME>
      <LINE>442</LINE>
      <COLUMN>4</COLUMN>
    </SFA>
    <DEFECTCODE>26439</DEFECTCODE>
    <DESCRIPTION>This kind of function may not throw. Declare it 'noexcept' (f.6).</DESCRIPTION>
    <FUNCTION>boost::detail::shared_count::{ctor}</FUNCTION>
    <DECORATED>??0shared_count@detail@boost@@QEAA@$$QEAV012@@Z</DECORATED>
    <FUNCLINE>442</FUNCLINE>
    <PATH></PATH>
  </DEFECT>
  <DEFECT>
    <SFA>
      <FILEPATH>c:\program files\boost_1_68_0\boost\smart_ptr\detail\</FILEPATH>
      <FILENAME>shared_count.hpp</FILENAME>
      <LINE>547</LINE>
      <COLUMN>4</COLUMN>
    </SFA>
    <DEFECTCODE>26495</DEFECTCODE>
    <DESCRIPTION>Variable 'boost::detail::weak_count::pi_' is uninitialized. Always initialize a member variable (type.6).</DESCRIPTION>
    <FUNCTION>boost::detail::weak_count::{ctor}</FUNCTION>
    <DECORATED>??0weak_count@detail@boost@@QEAA@AEBV012@@Z</DECORATED>
    <FUNCLINE>547</FUNCLINE>
    <PATH></PATH>
  </DEFECT>
  <DEFECT>
    <SFA>
      <FILEPATH>c:\program files\boost_1_68_0\boost\smart_ptr\detail\</FILEPATH>
      <FILENAME>shared_count.hpp</FILENAME>
      <LINE>559</LINE>
      <COLUMN>4</COLUMN>
    </SFA>
    <DEFECTCODE>26439</DEFECTCODE>
    <DESCRIPTION>This kind of function may not throw. Declare it 'noexcept' (f.6).</DESCRIPTION>
    <FUNCTION>boost::detail::weak_count::{ctor}</FUNCTION>
    <DECORATED>??0weak_count@detail@boost@@QEAA@$$QEAV012@@Z</DECORATED>
    <FUNCLINE>559</FUNCLINE>
    <PATH></PATH>
  </DEFECT>
  <DEFECT>
    <SFA>
      <FILEPATH>c:\users\wangyucong\desktop\mlcs\topmlcs\topmlcs\</FILEPATH>
      <FILENAME>topmlcs.cpp</FILENAME>
      <LINE>193</LINE>
      <COLUMN>26</COLUMN>
    </SFA>
    <DEFECTCODE>26451</DEFECTCODE>
    <DESCRIPTION>Arithmetic overflow: Using operator '+' on a 4 byte value and then casting the result to a 8 byte value. Cast the value to the wider type before calling operator '+' to avoid overflow (io.2).</DESCRIPTION>
    <FUNCTION>OptimizationICSG</FUNCTION>
    <DECORATED>?OptimizationICSG@@YAXV?$vector@V?$vector@HV?$allocator@H@std@@@std@@V?$allocator@V?$vector@HV?$allocator@H@std@@@std@@@2@@std@@AEAV?$vector@HV?$allocator@H@std@@@2@H@Z</DECORATED>
    <FUNCLINE>185</FUNCLINE>
    <PATH></PATH>
  </DEFECT>
  <DEFECT>
    <SFA>
      <FILEPATH>c:\users\wangyucong\desktop\mlcs\topmlcs\topmlcs\</FILEPATH>
      <FILENAME>topmlcs.cpp</FILENAME>
      <LINE>194</LINE>
      <COLUMN>38</COLUMN>
    </SFA>
    <DEFECTCODE>26451</DEFECTCODE>
    <DESCRIPTION>Arithmetic overflow: Using operator '+' on a 4 byte value and then casting the result to a 8 byte value. Cast the value to the wider type before calling operator '+' to avoid overflow (io.2).</DESCRIPTION>
    <FUNCTION>OptimizationICSG</FUNCTION>
    <DECORATED>?OptimizationICSG@@YAXV?$vector@V?$vector@HV?$allocator@H@std@@@std@@V?$allocator@V?$vector@HV?$allocator@H@std@@@std@@@2@@std@@AEAV?$vector@HV?$allocator@H@std@@@2@H@Z</DECORATED>
    <FUNCLINE>185</FUNCLINE>
    <PATH></PATH>
  </DEFECT>
  <DEFECT>
    <SFA>
      <FILEPATH>c:\users\wangyucong\desktop\mlcs\topmlcs\topmlcs\</FILEPATH>
      <FILENAME>topmlcs.cpp</FILENAME>
      <LINE>200</LINE>
      <COLUMN>36</COLUMN>
    </SFA>
    <DEFECTCODE>26451</DEFECTCODE>
    <DESCRIPTION>Arithmetic overflow: Using operator '+' on a 4 byte value and then casting the result to a 8 byte value. Cast the value to the wider type before calling operator '+' to avoid overflow (io.2).</DESCRIPTION>
    <FUNCTION>OptimizationICSG</FUNCTION>
    <DECORATED>?OptimizationICSG@@YAXV?$vector@V?$vector@HV?$allocator@H@std@@@std@@V?$allocator@V?$vector@HV?$allocator@H@std@@@std@@@2@@std@@AEAV?$vector@HV?$allocator@H@std@@@2@H@Z</DECORATED>
    <FUNCLINE>185</FUNCLINE>
    <PATH></PATH>
  </DEFECT>
  <DEFECT>
    <SFA>
      <FILEPATH>c:\users\wangyucong\desktop\mlcs\topmlcs\topmlcs\</FILEPATH>
      <FILENAME>topmlcs.cpp</FILENAME>
      <LINE>201</LINE>
      <COLUMN>22</COLUMN>
    </SFA>
    <DEFECTCODE>26451</DEFECTCODE>
    <DESCRIPTION>Arithmetic overflow: Using operator '+' on a 4 byte value and then casting the result to a 8 byte value. Cast the value to the wider type before calling operator '+' to avoid overflow (io.2).</DESCRIPTION>
    <FUNCTION>OptimizationICSG</FUNCTION>
    <DECORATED>?OptimizationICSG@@YAXV?$vector@V?$vector@HV?$allocator@H@std@@@std@@V?$allocator@V?$vector@HV?$allocator@H@std@@@std@@@2@@std@@AEAV?$vector@HV?$allocator@H@std@@@2@H@Z</DECORATED>
    <FUNCLINE>185</FUNCLINE>
    <PATH></PATH>
  </DEFECT>
  <DEFECT>
    <SFA>
      <FILEPATH>c:\users\wangyucong\desktop\mlcs\topmlcs\topmlcs\</FILEPATH>
      <FILENAME>topmlcs.cpp</FILENAME>
      <LINE>247</LINE>
      <COLUMN>37</COLUMN>
    </SFA>
    <DEFECTCODE>26451</DEFECTCODE>
    <DESCRIPTION>Arithmetic overflow: Using operator '+' on a 4 byte value and then casting the result to a 8 byte value. Cast the value to the wider type before calling operator '+' to avoid overflow (io.2).</DESCRIPTION>
    <FUNCTION>OptimizationICSG</FUNCTION>
    <DECORATED>?OptimizationICSG@@YAXV?$vector@V?$vector@HV?$allocator@H@std@@@std@@V?$allocator@V?$vector@HV?$allocator@H@std@@@std@@@2@@std@@AEAV?$vector@HV?$allocator@H@std@@@2@H@Z</DECORATED>
    <FUNCLINE>185</FUNCLINE>
    <PATH></PATH>
  </DEFECT>
  <DEFECT>
    <SFA>
      <FILEPATH>c:\users\wangyucong\desktop\mlcs\topmlcs\topmlcs\</FILEPATH>
      <FILENAME>topmlcs.cpp</FILENAME>
      <LINE>248</LINE>
      <COLUMN>35</COLUMN>
    </SFA>
    <DEFECTCODE>26451</DEFECTCODE>
    <DESCRIPTION>Arithmetic overflow: Using operator '+' on a 4 byte value and then casting the result to a 8 byte value. Cast the value to the wider type before calling operator '+' to avoid overflow (io.2).</DESCRIPTION>
    <FUNCTION>OptimizationICSG</FUNCTION>
    <DECORATED>?OptimizationICSG@@YAXV?$vector@V?$vector@HV?$allocator@H@std@@@std@@V?$allocator@V?$vector@HV?$allocator@H@std@@@std@@@2@@std@@AEAV?$vector@HV?$allocator@H@std@@@2@H@Z</DECORATED>
    <FUNCLINE>185</FUNCLINE>
    <PATH></PATH>
  </DEFECT>
  <DEFECT>
    <SFA>
      <FILEPATH>c:\users\wangyucong\desktop\mlcs\topmlcs\topmlcs\</FILEPATH>
      <FILENAME>topmlcs.cpp</FILENAME>
      <LINE>249</LINE>
      <COLUMN>21</COLUMN>
    </SFA>
    <DEFECTCODE>26451</DEFECTCODE>
    <DESCRIPTION>Arithmetic overflow: Using operator '+' on a 4 byte value and then casting the result to a 8 byte value. Cast the value to the wider type before calling operator '+' to avoid overflow (io.2).</DESCRIPTION>
    <FUNCTION>OptimizationICSG</FUNCTION>
    <DECORATED>?OptimizationICSG@@YAXV?$vector@V?$vector@HV?$allocator@H@std@@@std@@V?$allocator@V?$vector@HV?$allocator@H@std@@@std@@@2@@std@@AEAV?$vector@HV?$allocator@H@std@@@2@H@Z</DECORATED>
    <FUNCLINE>185</FUNCLINE>
    <PATH></PATH>
  </DEFECT>
  <DEFECT>
    <SFA>
      <FILEPATH>c:\users\wangyucong\desktop\mlcs\topmlcs\topmlcs\</FILEPATH>
      <FILENAME>topmlcs.cpp</FILENAME>
      <LINE>266</LINE>
      <COLUMN>12</COLUMN>
    </SFA>
    <DEFECTCODE>26451</DEFECTCODE>
    <DESCRIPTION>Arithmetic overflow: Using operator '-' on a 4 byte value and then casting the result to a 8 byte value. Cast the value to the wider type before calling operator '-' to avoid overflow (io.2).</DESCRIPTION>
    <FUNCTION>OptimizationICSG</FUNCTION>
    <DECORATED>?OptimizationICSG@@YAXV?$vector@V?$vector@HV?$allocator@H@std@@@std@@V?$allocator@V?$vector@HV?$allocator@H@std@@@std@@@2@@std@@AEAV?$vector@HV?$allocator@H@std@@@2@H@Z</DECORATED>
    <FUNCLINE>185</FUNCLINE>
    <PATH></PATH>
  </DEFECT>
  <DEFECT>
    <SFA>
      <FILEPATH>c:\program files\boost_1_68_0\boost\date_time\</FILEPATH>
      <FILENAME>time_duration.hpp</FILENAME>
      <LINE>68</LINE>
      <COLUMN>4</COLUMN>
    </SFA>
    <DEFECTCODE>26495</DEFECTCODE>
    <DESCRIPTION>Variable 'boost::date_time::time_duration&lt;boost::posix_time::time_duration,boost::date_time::time_resolution_traits&lt;boost::date_time::time_resolution_traits_adapted64_impl,5,1000000,6,__int64&gt; &gt;::ticks_' is uninitialized. Always initialize a member variable (type.6).</DESCRIPTION>
    <FUNCTION>boost::date_time::time_duration&lt;boost::posix_time::time_duration,boost::date_time::time_resolution_traits&lt;boost::date_time::time_resolution_traits_adapted64_impl,5,1000000,6,__int64&gt; &gt;::{ctor}</FUNCTION>
    <DECORATED>??0?$time_duration@V0posix_time@boost@@V?$time_resolution_traits@Utime_resolution_traits_adapted64_impl@date_time@boost@@$04$0PECEA@$05_J@date_time@2@@date_time@boost@@QEAA@AEBV012@@Z</DECORATED>
    <FUNCLINE>68</FUNCLINE>
    <PATH></PATH>
  </DEFECT>
  <DEFECT>
    <SFA>
      <FILEPATH>c:\program files\boost_1_68_0\boost\date_time\</FILEPATH>
      <FILENAME>date_duration.hpp</FILENAME>
      <LINE>46</LINE>
      <COLUMN>4</COLUMN>
    </SFA>
    <DEFECTCODE>26495</DEFECTCODE>
    <DESCRIPTION>Variable 'boost::date_time::date_duration&lt;boost::date_time::duration_traits_adapted&gt;::days_' is uninitialized. Always initialize a member variable (type.6).</DESCRIPTION>
    <FUNCTION>boost::date_time::date_duration&lt;boost::date_time::duration_traits_adapted&gt;::{ctor}</FUNCTION>
    <DECORATED>??0?$date_duration@Uduration_traits_adapted@date_time@boost@@@date_time@boost@@QEAA@AEBV012@@Z</DECORATED>
    <FUNCLINE>46</FUNCLINE>
    <PATH></PATH>
  </DEFECT>
  <DEFECT>
    <SFA>
      <FILEPATH>c:\program files\boost_1_68_0\boost\date_time\</FILEPATH>
      <FILENAME>microsec_time_clock.hpp</FILENAME>
      <LINE>125</LINE>
      <COLUMN>36</COLUMN>
    </SFA>
    <DEFECTCODE>26451</DEFECTCODE>
    <DESCRIPTION>Arithmetic overflow: Using operator '*' on a 4 byte value and then casting the result to a 8 byte value. Cast the value to the wider type before calling operator '*' to avoid overflow (io.2).</DESCRIPTION>
    <FUNCTION>boost::date_time::microsec_clock&lt;boost::posix_time::ptime&gt;::create_time</FUNCTION>
    <DECORATED>?create_time@?$microsec_clock@Vptime@posix_time@boost@@@date_time@boost@@CA?AVptime@posix_time@3@P6APEAUtm@@PEB_JPEAU6@@Z@Z</DECORATED>
    <FUNCLINE>82</FUNCLINE>
    <PATH></PATH>
  </DEFECT>
  <DEFECT>
    <SFA>
      <FILEPATH>c:\program files\boost_1_68_0\boost\exception\</FILEPATH>
      <FILENAME>exception.hpp</FILENAME>
      <LINE>295</LINE>
      <COLUMN>8</COLUMN>
    </SFA>
    <DEFECTCODE>26495</DEFECTCODE>
    <DESCRIPTION>Variable 'boost::exception::throw_function_' is uninitialized. Always initialize a member variable (type.6).</DESCRIPTION>
    <FUNCTION>boost::exception::{ctor}</FUNCTION>
    <DECORATED>??0exception@boost@@QEAA@AEBV01@@Z</DECORATED>
    <FUNCLINE>295</FUNCLINE>
    <PATH></PATH>
  </DEFECT>
  <DEFECT>
    <SFA>
      <FILEPATH>c:\program files\boost_1_68_0\boost\exception\</FILEPATH>
      <FILENAME>exception.hpp</FILENAME>
      <LINE>295</LINE>
      <COLUMN>8</COLUMN>
    </SFA>
    <DEFECTCODE>26495</DEFECTCODE>
    <DESCRIPTION>Variable 'boost::exception::throw_file_' is uninitialized. Always initialize a member variable (type.6).</DESCRIPTION>
    <FUNCTION>boost::exception::{ctor}</FUNCTION>
    <DECORATED>??0exception@boost@@QEAA@AEBV01@@Z</DECORATED>
    <FUNCLINE>295</FUNCLINE>
    <PATH></PATH>
  </DEFECT>
  <DEFECT>
    <SFA>
      <FILEPATH>c:\program files\boost_1_68_0\boost\exception\</FILEPATH>
      <FILENAME>exception.hpp</FILENAME>
      <LINE>295</LINE>
      <COLUMN>8</COLUMN>
    </SFA>
    <DEFECTCODE>26495</DEFECTCODE>
    <DESCRIPTION>Variable 'boost::exception::throw_line_' is uninitialized. Always initialize a member variable (type.6).</DESCRIPTION>
    <FUNCTION>boost::exception::{ctor}</FUNCTION>
    <DECORATED>??0exception@boost@@QEAA@AEBV01@@Z</DECORATED>
    <FUNCLINE>295</FUNCLINE>
    <PATH></PATH>
  </DEFECT>
  <DEFECT>
    <SFA>
      <FILEPATH>c:\users\wangyucong\desktop\mlcs\topmlcs\topmlcs\</FILEPATH>
      <FILENAME>topmlcs.cpp</FILENAME>
      <LINE>286</LINE>
      <COLUMN>0</COLUMN>
    </SFA>
    <DEFECTCODE>26495</DEFECTCODE>
    <DESCRIPTION>Variable 'outStr::v' is uninitialized. Always initialize a member variable (type.6).</DESCRIPTION>
    <FUNCTION>outStr::{ctor}</FUNCTION>
    <DECORATED>??0outStr@@QEAA@AEBU0@@Z</DECORATED>
    <FUNCLINE>286</FUNCLINE>
    <PATH></PATH>
  </DEFECT>
  <DEFECT>
    <SFA>
      <FILEPATH>c:\users\wangyucong\desktop\mlcs\topmlcs\topmlcs\</FILEPATH>
      <FILENAME>topmlcs.cpp</FILENAME>
      <LINE>286</LINE>
      <COLUMN>0</COLUMN>
    </SFA>
    <DEFECTCODE>26495</DEFECTCODE>
    <DESCRIPTION>Variable 'outStr::v' is uninitialized. Always initialize a member variable (type.6).</DESCRIPTION>
    <FUNCTION>outStr::{ctor}</FUNCTION>
    <DECORATED>??0outStr@@QEAA@$$QEAU0@@Z</DECORATED>
    <FUNCLINE>286</FUNCLINE>
    <PATH></PATH>
  </DEFECT>
  <DEFECT>
    <SFA>
      <FILEPATH>c:\program files\boost_1_68_0\boost\exception\</FILEPATH>
      <FILENAME>exception.hpp</FILENAME>
      <LINE>484</LINE>
      <COLUMN>13</COLUMN>
    </SFA>
    <DEFECTCODE>26439</DEFECTCODE>
    <DESCRIPTION>This kind of function may not throw. Declare it 'noexcept' (f.6).</DESCRIPTION>
    <FUNCTION>boost::exception_detail::clone_impl&lt;boost::exception_detail::error_info_injector&lt;boost::gregorian::bad_weekday&gt; &gt;::{dtor}</FUNCTION>
    <DECORATED>??1?$clone_impl@U?$error_info_injector@Ubad_weekday@gregorian@boost@@@exception_detail@boost@@@exception_detail@boost@@UEAA@XZ</DECORATED>
    <FUNCLINE>484</FUNCLINE>
    <PATH></PATH>
  </DEFECT>
  <DEFECT>
    <SFA>
      <FILEPATH>c:\program files\boost_1_68_0\boost\exception\</FILEPATH>
      <FILENAME>exception.hpp</FILENAME>
      <LINE>358</LINE>
      <COLUMN>13</COLUMN>
    </SFA>
    <DEFECTCODE>26439</DEFECTCODE>
    <DESCRIPTION>This kind of function may not throw. Declare it 'noexcept' (f.6).</DESCRIPTION>
    <FUNCTION>boost::exception_detail::error_info_injector&lt;boost::gregorian::bad_weekday&gt;::{dtor}</FUNCTION>
    <DECORATED>??1?$error_info_injector@Ubad_weekday@gregorian@boost@@@exception_detail@boost@@UEAA@XZ</DECORATED>
    <FUNCLINE>358</FUNCLINE>
    <PATH></PATH>
  </DEFECT>
  <DEFECT>
    <SFA>
      <FILEPATH>c:\program files\boost_1_68_0\boost\exception\</FILEPATH>
      <FILENAME>exception.hpp</FILENAME>
      <LINE>484</LINE>
      <COLUMN>13</COLUMN>
    </SFA>
    <DEFECTCODE>26439</DEFECTCODE>
    <DESCRIPTION>This kind of function may not throw. Declare it 'noexcept' (f.6).</DESCRIPTION>
    <FUNCTION>boost::exception_detail::clone_impl&lt;boost::exception_detail::error_info_injector&lt;boost::gregorian::bad_day_of_year&gt; &gt;::{dtor}</FUNCTION>
    <DECORATED>??1?$clone_impl@U?$error_info_injector@Ubad_day_of_year@gregorian@boost@@@exception_detail@boost@@@exception_detail@boost@@UEAA@XZ</DECORATED>
    <FUNCLINE>484</FUNCLINE>
    <PATH></PATH>
  </DEFECT>
  <DEFECT>
    <SFA>
      <FILEPATH>c:\program files\boost_1_68_0\boost\exception\</FILEPATH>
      <FILENAME>exception.hpp</FILENAME>
      <LINE>358</LINE>
      <COLUMN>13</COLUMN>
    </SFA>
    <DEFECTCODE>26439</DEFECTCODE>
    <DESCRIPTION>This kind of function may not throw. Declare it 'noexcept' (f.6).</DESCRIPTION>
    <FUNCTION>boost::exception_detail::error_info_injector&lt;boost::gregorian::bad_day_of_year&gt;::{dtor}</FUNCTION>
    <DECORATED>??1?$error_info_injector@Ubad_day_of_year@gregorian@boost@@@exception_detail@boost@@UEAA@XZ</DECORATED>
    <FUNCLINE>358</FUNCLINE>
    <PATH></PATH>
  </DEFECT>
  <DEFECT>
    <SFA>
      <FILEPATH>c:\program files\boost_1_68_0\boost\exception\</FILEPATH>
      <FILENAME>exception.hpp</FILENAME>
      <LINE>484</LINE>
      <COLUMN>13</COLUMN>
    </SFA>
    <DEFECTCODE>26439</DEFECTCODE>
    <DESCRIPTION>This kind of function may not throw. Declare it 'noexcept' (f.6).</DESCRIPTION>
    <FUNCTION>boost::exception_detail::clone_impl&lt;boost::exception_detail::error_info_injector&lt;boost::gregorian::bad_year&gt; &gt;::{dtor}</FUNCTION>
    <DECORATED>??1?$clone_impl@U?$error_info_injector@Ubad_year@gregorian@boost@@@exception_detail@boost@@@exception_detail@boost@@UEAA@XZ</DECORATED>
    <FUNCLINE>484</FUNCLINE>
    <PATH></PATH>
  </DEFECT>
  <DEFECT>
    <SFA>
      <FILEPATH>c:\program files\boost_1_68_0\boost\exception\</FILEPATH>
      <FILENAME>exception.hpp</FILENAME>
      <LINE>358</LINE>
      <COLUMN>13</COLUMN>
    </SFA>
    <DEFECTCODE>26439</DEFECTCODE>
    <DESCRIPTION>This kind of function may not throw. Declare it 'noexcept' (f.6).</DESCRIPTION>
    <FUNCTION>boost::exception_detail::error_info_injector&lt;boost::gregorian::bad_year&gt;::{dtor}</FUNCTION>
    <DECORATED>??1?$error_info_injector@Ubad_year@gregorian@boost@@@exception_detail@boost@@UEAA@XZ</DECORATED>
    <FUNCLINE>358</FUNCLINE>
    <PATH></PATH>
  </DEFECT>
  <DEFECT>
    <SFA>
      <FILEPATH>c:\program files\boost_1_68_0\boost\exception\</FILEPATH>
      <FILENAME>exception.hpp</FILENAME>
      <LINE>484</LINE>
      <COLUMN>13</COLUMN>
    </SFA>
    <DEFECTCODE>26439</DEFECTCODE>
    <DESCRIPTION>This kind of function may not throw. Declare it 'noexcept' (f.6).</DESCRIPTION>
    <FUNCTION>boost::exception_detail::clone_impl&lt;boost::exception_detail::error_info_injector&lt;boost::gregorian::bad_month&gt; &gt;::{dtor}</FUNCTION>
    <DECORATED>??1?$clone_impl@U?$error_info_injector@Ubad_month@gregorian@boost@@@exception_detail@boost@@@exception_detail@boost@@UEAA@XZ</DECORATED>
    <FUNCLINE>484</FUNCLINE>
    <PATH></PATH>
  </DEFECT>
  <DEFECT>
    <SFA>
      <FILEPATH>c:\program files\boost_1_68_0\boost\exception\</FILEPATH>
      <FILENAME>exception.hpp</FILENAME>
      <LINE>358</LINE>
      <COLUMN>13</COLUMN>
    </SFA>
    <DEFECTCODE>26439</DEFECTCODE>
    <DESCRIPTION>This kind of function may not throw. Declare it 'noexcept' (f.6).</DESCRIPTION>
    <FUNCTION>boost::exception_detail::error_info_injector&lt;boost::gregorian::bad_month&gt;::{dtor}</FUNCTION>
    <DECORATED>??1?$error_info_injector@Ubad_month@gregorian@boost@@@exception_detail@boost@@UEAA@XZ</DECORATED>
    <FUNCLINE>358</FUNCLINE>
    <PATH></PATH>
  </DEFECT>
  <DEFECT>
    <SFA>
      <FILEPATH>c:\program files\boost_1_68_0\boost\exception\</FILEPATH>
      <FILENAME>exception.hpp</FILENAME>
      <LINE>484</LINE>
      <COLUMN>13</COLUMN>
    </SFA>
    <DEFECTCODE>26439</DEFECTCODE>
    <DESCRIPTION>This kind of function may not throw. Declare it 'noexcept' (f.6).</DESCRIPTION>
    <FUNCTION>boost::exception_detail::clone_impl&lt;boost::exception_detail::error_info_injector&lt;std::out_of_range&gt; &gt;::{dtor}</FUNCTION>
    <DECORATED>??1?$clone_impl@U?$error_info_injector@Vout_of_range@std@@@exception_detail@boost@@@exception_detail@boost@@UEAA@XZ</DECORATED>
    <FUNCLINE>484</FUNCLINE>
    <PATH></PATH>
  </DEFECT>
  <DEFECT>
    <SFA>
      <FILEPATH>c:\program files\boost_1_68_0\boost\exception\</FILEPATH>
      <FILENAME>exception.hpp</FILENAME>
      <LINE>358</LINE>
      <COLUMN>13</COLUMN>
    </SFA>
    <DEFECTCODE>26439</DEFECTCODE>
    <DESCRIPTION>This kind of function may not throw. Declare it 'noexcept' (f.6).</DESCRIPTION>
    <FUNCTION>boost::exception_detail::error_info_injector&lt;std::out_of_range&gt;::{dtor}</FUNCTION>
    <DECORATED>??1?$error_info_injector@Vout_of_range@std@@@exception_detail@boost@@UEAA@XZ</DECORATED>
    <FUNCLINE>358</FUNCLINE>
    <PATH></PATH>
  </DEFECT>
  <DEFECT>
    <SFA>
      <FILEPATH>c:\program files\boost_1_68_0\boost\exception\</FILEPATH>
      <FILENAME>exception.hpp</FILENAME>
      <LINE>484</LINE>
      <COLUMN>13</COLUMN>
    </SFA>
    <DEFECTCODE>26439</DEFECTCODE>
    <DESCRIPTION>This kind of function may not throw. Declare it 'noexcept' (f.6).</DESCRIPTION>
    <FUNCTION>boost::exception_detail::clone_impl&lt;boost::exception_detail::error_info_injector&lt;std::runtime_error&gt; &gt;::{dtor}</FUNCTION>
    <DECORATED>??1?$clone_impl@U?$error_info_injector@Vruntime_error@std@@@exception_detail@boost@@@exception_detail@boost@@UEAA@XZ</DECORATED>
    <FUNCLINE>484</FUNCLINE>
    <PATH></PATH>
  </DEFECT>
  <DEFECT>
    <SFA>
      <FILEPATH>c:\program files\boost_1_68_0\boost\exception\</FILEPATH>
      <FILENAME>exception.hpp</FILENAME>
      <LINE>358</LINE>
      <COLUMN>13</COLUMN>
    </SFA>
    <DEFECTCODE>26439</DEFECTCODE>
    <DESCRIPTION>This kind of function may not throw. Declare it 'noexcept' (f.6).</DESCRIPTION>
    <FUNCTION>boost::exception_detail::error_info_injector&lt;std::runtime_error&gt;::{dtor}</FUNCTION>
    <DECORATED>??1?$error_info_injector@Vruntime_error@std@@@exception_detail@boost@@UEAA@XZ</DECORATED>
    <FUNCLINE>358</FUNCLINE>
    <PATH></PATH>
  </DEFECT>
  <DEFECT>
    <SFA>
      <FILEPATH>c:\program files\boost_1_68_0\boost\exception\</FILEPATH>
      <FILENAME>exception.hpp</FILENAME>
      <LINE>484</LINE>
      <COLUMN>13</COLUMN>
    </SFA>
    <DEFECTCODE>26439</DEFECTCODE>
    <DESCRIPTION>This kind of function may not throw. Declare it 'noexcept' (f.6).</DESCRIPTION>
    <FUNCTION>boost::exception_detail::clone_impl&lt;boost::exception_detail::error_info_injector&lt;boost::gregorian::bad_day_of_month&gt; &gt;::{dtor}</FUNCTION>
    <DECORATED>??1?$clone_impl@U?$error_info_injector@Ubad_day_of_month@gregorian@boost@@@exception_detail@boost@@@exception_detail@boost@@UEAA@XZ</DECORATED>
    <FUNCLINE>484</FUNCLINE>
    <PATH></PATH>
  </DEFECT>
  <DEFECT>
    <SFA>
      <FILEPATH>c:\program files\boost_1_68_0\boost\exception\</FILEPATH>
      <FILENAME>exception.hpp</FILENAME>
      <LINE>358</LINE>
      <COLUMN>13</COLUMN>
    </SFA>
    <DEFECTCODE>26439</DEFECTCODE>
    <DESCRIPTION>This kind of function may not throw. Declare it 'noexcept' (f.6).</DESCRIPTION>
    <FUNCTION>boost::exception_detail::error_info_injector&lt;boost::gregorian::bad_day_of_month&gt;::{dtor}</FUNCTION>
    <DECORATED>??1?$error_info_injector@Ubad_day_of_month@gregorian@boost@@@exception_detail@boost@@UEAA@XZ</DECORATED>
    <FUNCLINE>358</FUNCLINE>
    <PATH></PATH>
  </DEFECT>
  <DEFECT>
    <SFA>
      <FILEPATH>c:\program files\boost_1_68_0\boost\exception\</FILEPATH>
      <FILENAME>exception.hpp</FILENAME>
      <LINE>484</LINE>
      <COLUMN>13</COLUMN>
    </SFA>
    <DEFECTCODE>26439</DEFECTCODE>
    <DESCRIPTION>This kind of function may not throw. Declare it 'noexcept' (f.6).</DESCRIPTION>
    <FUNCTION>boost::exception_detail::clone_impl&lt;boost::exception_detail::error_info_injector&lt;boost::bad_weak_ptr&gt; &gt;::{dtor}</FUNCTION>
    <DECORATED>??1?$clone_impl@U?$error_info_injector@Vbad_weak_ptr@boost@@@exception_detail@boost@@@exception_detail@boost@@UEAA@XZ</DECORATED>
    <FUNCLINE>484</FUNCLINE>
    <PATH></PATH>
  </DEFECT>
  <DEFECT>
    <SFA>
      <FILEPATH>c:\program files\boost_1_68_0\boost\exception\</FILEPATH>
      <FILENAME>exception.hpp</FILENAME>
      <LINE>358</LINE>
      <COLUMN>13</COLUMN>
    </SFA>
    <DEFECTCODE>26439</DEFECTCODE>
    <DESCRIPTION>This kind of function may not throw. Declare it 'noexcept' (f.6).</DESCRIPTION>
    <FUNCTION>boost::exception_detail::error_info_injector&lt;boost::bad_weak_ptr&gt;::{dtor}</FUNCTION>
    <DECORATED>??1?$error_info_injector@Vbad_weak_ptr@boost@@@exception_detail@boost@@UEAA@XZ</DECORATED>
    <FUNCLINE>358</FUNCLINE>
    <PATH></PATH>
  </DEFECT>
  <DEFECT>
    <SFA>
      <FILEPATH>c:\program files\boost_1_68_0\boost\exception\</FILEPATH>
      <FILENAME>exception.hpp</FILENAME>
      <LINE>45</LINE>
      <COLUMN>12</COLUMN>
    </SFA>
    <DEFECTCODE>26495</DEFECTCODE>
    <DESCRIPTION>Variable 'boost::exception_detail::refcount_ptr&lt;boost::exception_detail::error_info_container&gt;::px_' is uninitialized. Always initialize a member variable (type.6).</DESCRIPTION>
    <FUNCTION>boost::exception_detail::refcount_ptr&lt;boost::exception_detail::error_info_container&gt;::{ctor}</FUNCTION>
    <DECORATED>??0?$refcount_ptr@Uerror_info_container@exception_detail@boost@@@exception_detail@boost@@QEAA@AEBV012@@Z</DECORATED>
    <FUNCLINE>45</FUNCLINE>
    <PATH></PATH>
  </DEFECT>
  <DEFECT>
    <SFA>
      <FILEPATH>c:\program files\boost_1_68_0\boost\</FILEPATH>
      <FILENAME>token_functions.hpp</FILENAME>
      <LINE>556</LINE>
      <COLUMN>0</COLUMN>
    </SFA>
    <DEFECTCODE>26495</DEFECTCODE>
    <DESCRIPTION>Variable 'boost::char_separator&lt;wchar_t,std::char_traits&lt;wchar_t&gt; &gt;::m_use_ispunct' is uninitialized. Always initialize a member variable (type.6).</DESCRIPTION>
    <FUNCTION>boost::char_separator&lt;wchar_t,std::char_traits&lt;wchar_t&gt; &gt;::{ctor}</FUNCTION>
    <DECORATED>??0?$char_separator@_WU?$char_traits@_W@std@@@boost@@QEAA@AEBV01@@Z</DECORATED>
    <FUNCLINE>556</FUNCLINE>
    <PATH></PATH>
  </DEFECT>
  <DEFECT>
    <SFA>
      <FILEPATH>c:\program files\boost_1_68_0\boost\</FILEPATH>
      <FILENAME>token_functions.hpp</FILENAME>
      <LINE>556</LINE>
      <COLUMN>0</COLUMN>
    </SFA>
    <DEFECTCODE>26495</DEFECTCODE>
    <DESCRIPTION>Variable 'boost::char_separator&lt;wchar_t,std::char_traits&lt;wchar_t&gt; &gt;::m_use_isspace' is uninitialized. Always initialize a member variable (type.6).</DESCRIPTION>
    <FUNCTION>boost::char_separator&lt;wchar_t,std::char_traits&lt;wchar_t&gt; &gt;::{ctor}</FUNCTION>
    <DECORATED>??0?$char_separator@_WU?$char_traits@_W@std@@@boost@@QEAA@AEBV01@@Z</DECORATED>
    <FUNCLINE>556</FUNCLINE>
    <PATH></PATH>
  </DEFECT>
  <DEFECT>
    <SFA>
      <FILEPATH>c:\program files\boost_1_68_0\boost\</FILEPATH>
      <FILENAME>token_functions.hpp</FILENAME>
      <LINE>556</LINE>
      <COLUMN>0</COLUMN>
    </SFA>
    <DEFECTCODE>26495</DEFECTCODE>
    <DESCRIPTION>Variable 'boost::char_separator&lt;wchar_t,std::char_traits&lt;wchar_t&gt; &gt;::m_empty_tokens' is uninitialized. Always initialize a member variable (type.6).</DESCRIPTION>
    <FUNCTION>boost::char_separator&lt;wchar_t,std::char_traits&lt;wchar_t&gt; &gt;::{ctor}</FUNCTION>
    <DECORATED>??0?$char_separator@_WU?$char_traits@_W@std@@@boost@@QEAA@AEBV01@@Z</DECORATED>
    <FUNCLINE>556</FUNCLINE>
    <PATH></PATH>
  </DEFECT>
  <DEFECT>
    <SFA>
      <FILEPATH>c:\program files\boost_1_68_0\boost\</FILEPATH>
      <FILENAME>token_functions.hpp</FILENAME>
      <LINE>556</LINE>
      <COLUMN>0</COLUMN>
    </SFA>
    <DEFECTCODE>26495</DEFECTCODE>
    <DESCRIPTION>Variable 'boost::char_separator&lt;wchar_t,std::char_traits&lt;wchar_t&gt; &gt;::m_output_done' is uninitialized. Always initialize a member variable (type.6).</DESCRIPTION>
    <FUNCTION>boost::char_separator&lt;wchar_t,std::char_traits&lt;wchar_t&gt; &gt;::{ctor}</FUNCTION>
    <DECORATED>??0?$char_separator@_WU?$char_traits@_W@std@@@boost@@QEAA@AEBV01@@Z</DECORATED>
    <FUNCLINE>556</FUNCLINE>
    <PATH></PATH>
  </DEFECT>
  <DEFECT>
    <SFA>
      <FILEPATH>c:\program files\boost_1_68_0\boost\</FILEPATH>
      <FILENAME>token_functions.hpp</FILENAME>
      <LINE>406</LINE>
      <COLUMN>2</COLUMN>
    </SFA>
    <DEFECTCODE>26495</DEFECTCODE>
    <DESCRIPTION>Variable 'boost::offset_separator::wrap_offsets_' is uninitialized. Always initialize a member variable (type.6).</DESCRIPTION>
    <FUNCTION>boost::offset_separator::{ctor}</FUNCTION>
    <DECORATED>??0offset_separator@boost@@QEAA@AEBV01@@Z</DECORATED>
    <FUNCLINE>406</FUNCLINE>
    <PATH></PATH>
  </DEFECT>
  <DEFECT>
    <SFA>
      <FILEPATH>c:\program files\boost_1_68_0\boost\</FILEPATH>
      <FILENAME>token_functions.hpp</FILENAME>
      <LINE>406</LINE>
      <COLUMN>2</COLUMN>
    </SFA>
    <DEFECTCODE>26495</DEFECTCODE>
    <DESCRIPTION>Variable 'boost::offset_separator::current_offset_' is uninitialized. Always initialize a member variable (type.6).</DESCRIPTION>
    <FUNCTION>boost::offset_separator::{ctor}</FUNCTION>
    <DECORATED>??0offset_separator@boost@@QEAA@AEBV01@@Z</DECORATED>
    <FUNCLINE>406</FUNCLINE>
    <PATH></PATH>
  </DEFECT>
  <DEFECT>
    <SFA>
      <FILEPATH>c:\program files\boost_1_68_0\boost\</FILEPATH>
      <FILENAME>token_functions.hpp</FILENAME>
      <LINE>406</LINE>
      <COLUMN>2</COLUMN>
    </SFA>
    <DEFECTCODE>26495</DEFECTCODE>
    <DESCRIPTION>Variable 'boost::offset_separator::return_partial_last_' is uninitialized. Always initialize a member variable (type.6).</DESCRIPTION>
    <FUNCTION>boost::offset_separator::{ctor}</FUNCTION>
    <DECORATED>??0offset_separator@boost@@QEAA@AEBV01@@Z</DECORATED>
    <FUNCLINE>406</FUNCLINE>
    <PATH></PATH>
  </DEFECT>
  <DEFECT>
    <SFA>
      <FILEPATH>c:\program files\boost_1_68_0\boost\</FILEPATH>
      <FILENAME>token_functions.hpp</FILENAME>
      <LINE>556</LINE>
      <COLUMN>0</COLUMN>
    </SFA>
    <DEFECTCODE>26495</DEFECTCODE>
    <DESCRIPTION>Variable 'boost::char_separator&lt;char,std::char_traits&lt;char&gt; &gt;::m_use_ispunct' is uninitialized. Always initialize a member variable (type.6).</DESCRIPTION>
    <FUNCTION>boost::char_separator&lt;char,std::char_traits&lt;char&gt; &gt;::{ctor}</FUNCTION>
    <DECORATED>??0?$char_separator@DU?$char_traits@D@std@@@boost@@QEAA@AEBV01@@Z</DECORATED>
    <FUNCLINE>556</FUNCLINE>
    <PATH></PATH>
  </DEFECT>
  <DEFECT>
    <SFA>
      <FILEPATH>c:\program files\boost_1_68_0\boost\</FILEPATH>
      <FILENAME>token_functions.hpp</FILENAME>
      <LINE>556</LINE>
      <COLUMN>0</COLUMN>
    </SFA>
    <DEFECTCODE>26495</DEFECTCODE>
    <DESCRIPTION>Variable 'boost::char_separator&lt;char,std::char_traits&lt;char&gt; &gt;::m_use_isspace' is uninitialized. Always initialize a member variable (type.6).</DESCRIPTION>
    <FUNCTION>boost::char_separator&lt;char,std::char_traits&lt;char&gt; &gt;::{ctor}</FUNCTION>
    <DECORATED>??0?$char_separator@DU?$char_traits@D@std@@@boost@@QEAA@AEBV01@@Z</DECORATED>
    <FUNCLINE>556</FUNCLINE>
    <PATH></PATH>
  </DEFECT>
  <DEFECT>
    <SFA>
      <FILEPATH>c:\program files\boost_1_68_0\boost\</FILEPATH>
      <FILENAME>token_functions.hpp</FILENAME>
      <LINE>556</LINE>
      <COLUMN>0</COLUMN>
    </SFA>
    <DEFECTCODE>26495</DEFECTCODE>
    <DESCRIPTION>Variable 'boost::char_separator&lt;char,std::char_traits&lt;char&gt; &gt;::m_empty_tokens' is uninitialized. Always initialize a member variable (type.6).</DESCRIPTION>
    <FUNCTION>boost::char_separator&lt;char,std::char_traits&lt;char&gt; &gt;::{ctor}</FUNCTION>
    <DECORATED>??0?$char_separator@DU?$char_traits@D@std@@@boost@@QEAA@AEBV01@@Z</DECORATED>
    <FUNCLINE>556</FUNCLINE>
    <PATH></PATH>
  </DEFECT>
  <DEFECT>
    <SFA>
      <FILEPATH>c:\program files\boost_1_68_0\boost\</FILEPATH>
      <FILENAME>token_functions.hpp</FILENAME>
      <LINE>556</LINE>
      <COLUMN>0</COLUMN>
    </SFA>
    <DEFECTCODE>26495</DEFECTCODE>
    <DESCRIPTION>Variable 'boost::char_separator&lt;char,std::char_traits&lt;char&gt; &gt;::m_output_done' is uninitialized. Always initialize a member variable (type.6).</DESCRIPTION>
    <FUNCTION>boost::char_separator&lt;char,std::char_traits&lt;char&gt; &gt;::{ctor}</FUNCTION>
    <DECORATED>??0?$char_separator@DU?$char_traits@D@std@@@boost@@QEAA@AEBV01@@Z</DECORATED>
    <FUNCLINE>556</FUNCLINE>
    <PATH></PATH>
  </DEFECT>
  <DEFECT>
    <SFA>
      <FILEPATH>c:\program files\boost_1_68_0\boost\date_time\</FILEPATH>
      <FILENAME>date_formatting.hpp</FILENAME>
      <LINE>91</LINE>
      <COLUMN>8</COLUMN>
    </SFA>
    <DEFECTCODE>26444</DEFECTCODE>
    <DESCRIPTION>Avoid unnamed objects with custom construction and destruction (es.84).</DESCRIPTION>
    <FUNCTION>boost::date_time::ymd_formatter&lt;boost::date_time::year_month_day_base&lt;boost::gregorian::greg_year,boost::gregorian::greg_month,boost::gregorian::greg_day&gt;,boost::date_time::simple_format&lt;char&gt;,char&gt;::ymd_to_string</FUNCTION>
    <DECORATED>?ymd_to_string@?$ymd_formatter@U?$year_month_day_base@Vgreg_year@gregorian@boost@@Vgreg_month@23@Vgreg_day@23@@date_time@boost@@V?$simple_format@D@23@D@date_time@boost@@SA?AV?$basic_string@DU?$char_traits@D@std@@V?$allocator@D@2@@std@@U?$year_month_day_base@Vgreg_year@gregorian@boost@@Vgreg_month@23@Vgreg_day@23@@23@@Z</DECORATED>
    <FUNCLINE>82</FUNCLINE>
    <PATH></PATH>
  </DEFECT>
  <DEFECT>
    <SFA>
      <FILEPATH>c:\program files\boost_1_68_0\boost\date_time\</FILEPATH>
      <FILENAME>date_formatting.hpp</FILENAME>
      <LINE>89</LINE>
      <COLUMN>8</COLUMN>
    </SFA>
    <DEFECTCODE>26444</DEFECTCODE>
    <DESCRIPTION>Avoid unnamed objects with custom construction and destruction (es.84).</DESCRIPTION>
    <FUNCTION>boost::date_time::ymd_formatter&lt;boost::date_time::year_month_day_base&lt;boost::gregorian::greg_year,boost::gregorian::greg_month,boost::gregorian::greg_day&gt;,boost::date_time::simple_format&lt;char&gt;,char&gt;::ymd_to_string</FUNCTION>
    <DECORATED>?ymd_to_string@?$ymd_formatter@U?$year_month_day_base@Vgreg_year@gregorian@boost@@Vgreg_month@23@Vgreg_day@23@@date_time@boost@@V?$simple_format@D@23@D@date_time@boost@@SA?AV?$basic_string@DU?$char_traits@D@std@@V?$allocator@D@2@@std@@U?$year_month_day_base@Vgreg_year@gregorian@boost@@Vgreg_month@23@Vgreg_day@23@@23@@Z</DECORATED>
    <FUNCLINE>82</FUNCLINE>
    <PATH></PATH>
  </DEFECT>
  <DEFECT>
    <SFA>
      <FILEPATH>c:\program files\boost_1_68_0\boost\date_time\</FILEPATH>
      <FILENAME>date_formatting.hpp</FILENAME>
      <LINE>89</LINE>
      <COLUMN>8</COLUMN>
    </SFA>
    <DEFECTCODE>26444</DEFECTCODE>
    <DESCRIPTION>Avoid unnamed objects with custom construction and destruction (es.84).</DESCRIPTION>
    <FUNCTION>boost::date_time::ymd_formatter&lt;boost::date_time::year_month_day_base&lt;boost::gregorian::greg_year,boost::gregorian::greg_month,boost::gregorian::greg_day&gt;,boost::date_time::iso_format&lt;char&gt;,char&gt;::ymd_to_string</FUNCTION>
    <DECORATED>?ymd_to_string@?$ymd_formatter@U?$year_month_day_base@Vgreg_year@gregorian@boost@@Vgreg_month@23@Vgreg_day@23@@date_time@boost@@V?$iso_format@D@23@D@date_time@boost@@SA?AV?$basic_string@DU?$char_traits@D@std@@V?$allocator@D@2@@std@@U?$year_month_day_base@Vgreg_year@gregorian@boost@@Vgreg_month@23@Vgreg_day@23@@23@@Z</DECORATED>
    <FUNCLINE>82</FUNCLINE>
    <PATH></PATH>
  </DEFECT>
  <DEFECT>
    <SFA>
      <FILEPATH>c:\program files\boost_1_68_0\boost\date_time\</FILEPATH>
      <FILENAME>date_formatting.hpp</FILENAME>
      <LINE>91</LINE>
      <COLUMN>8</COLUMN>
    </SFA>
    <DEFECTCODE>26444</DEFECTCODE>
    <DESCRIPTION>Avoid unnamed objects with custom construction and destruction (es.84).</DESCRIPTION>
    <FUNCTION>boost::date_time::ymd_formatter&lt;boost::date_time::year_month_day_base&lt;boost::gregorian::greg_year,boost::gregorian::greg_month,boost::gregorian::greg_day&gt;,boost::date_time::iso_format&lt;char&gt;,char&gt;::ymd_to_string</FUNCTION>
    <DECORATED>?ymd_to_string@?$ymd_formatter@U?$year_month_day_base@Vgreg_year@gregorian@boost@@Vgreg_month@23@Vgreg_day@23@@date_time@boost@@V?$iso_format@D@23@D@date_time@boost@@SA?AV?$basic_string@DU?$char_traits@D@std@@V?$allocator@D@2@@std@@U?$year_month_day_base@Vgreg_year@gregorian@boost@@Vgreg_month@23@Vgreg_day@23@@23@@Z</DECORATED>
    <FUNCLINE>82</FUNCLINE>
    <PATH></PATH>
  </DEFECT>
  <DEFECT>
    <SFA>
      <FILEPATH>c:\program files\boost_1_68_0\boost\date_time\</FILEPATH>
      <FILENAME>date_formatting.hpp</FILENAME>
      <LINE>89</LINE>
      <COLUMN>8</COLUMN>
    </SFA>
    <DEFECTCODE>26444</DEFECTCODE>
    <DESCRIPTION>Avoid unnamed objects with custom construction and destruction (es.84).</DESCRIPTION>
    <FUNCTION>boost::date_time::ymd_formatter&lt;boost::date_time::year_month_day_base&lt;boost::gregorian::greg_year,boost::gregorian::greg_month,boost::gregorian::greg_day&gt;,boost::date_time::iso_extended_format&lt;char&gt;,char&gt;::ymd_to_string</FUNCTION>
    <DECORATED>?ymd_to_string@?$ymd_formatter@U?$year_month_day_base@Vgreg_year@gregorian@boost@@Vgreg_month@23@Vgreg_day@23@@date_time@boost@@V?$iso_extended_format@D@23@D@date_time@boost@@SA?AV?$basic_string@DU?$char_traits@D@std@@V?$allocator@D@2@@std@@U?$year_month_day_base@Vgreg_year@gregorian@boost@@Vgreg_month@23@Vgreg_day@23@@23@@Z</DECORATED>
    <FUNCLINE>82</FUNCLINE>
    <PATH></PATH>
  </DEFECT>
  <DEFECT>
    <SFA>
      <FILEPATH>c:\program files\boost_1_68_0\boost\date_time\</FILEPATH>
      <FILENAME>date_formatting.hpp</FILENAME>
      <LINE>91</LINE>
      <COLUMN>8</COLUMN>
    </SFA>
    <DEFECTCODE>26444</DEFECTCODE>
    <DESCRIPTION>Avoid unnamed objects with custom construction and destruction (es.84).</DESCRIPTION>
    <FUNCTION>boost::date_time::ymd_formatter&lt;boost::date_time::year_month_day_base&lt;boost::gregorian::greg_year,boost::gregorian::greg_month,boost::gregorian::greg_day&gt;,boost::date_time::iso_extended_format&lt;char&gt;,char&gt;::ymd_to_string</FUNCTION>
    <DECORATED>?ymd_to_string@?$ymd_formatter@U?$year_month_day_base@Vgreg_year@gregorian@boost@@Vgreg_month@23@Vgreg_day@23@@date_time@boost@@V?$iso_extended_format@D@23@D@date_time@boost@@SA?AV?$basic_string@DU?$char_traits@D@std@@V?$allocator@D@2@@std@@U?$year_month_day_base@Vgreg_year@gregorian@boost@@Vgreg_month@23@Vgreg_day@23@@23@@Z</DECORATED>
    <FUNCLINE>82</FUNCLINE>
    <PATH></PATH>
  </DEFECT>
  <DEFECT>
    <SFA>
      <FILEPATH>c:\program files\boost_1_68_0\boost\date_time\</FILEPATH>
      <FILENAME>date_formatting.hpp</FILENAME>
      <LINE>89</LINE>
      <COLUMN>8</COLUMN>
    </SFA>
    <DEFECTCODE>26444</DEFECTCODE>
    <DESCRIPTION>Avoid unnamed objects with custom construction and destruction (es.84).</DESCRIPTION>
    <FUNCTION>boost::date_time::ymd_formatter&lt;boost::date_time::year_month_day_base&lt;boost::gregorian::greg_year,boost::gregorian::greg_month,boost::gregorian::greg_day&gt;,boost::date_time::simple_format&lt;wchar_t&gt;,wchar_t&gt;::ymd_to_string</FUNCTION>
    <DECORATED>?ymd_to_string@?$ymd_formatter@U?$year_month_day_base@Vgreg_year@gregorian@boost@@Vgreg_month@23@Vgreg_day@23@@date_time@boost@@V?$simple_format@_W@23@_W@date_time@boost@@SA?AV?$basic_string@_WU?$char_traits@_W@std@@V?$allocator@_W@2@@std@@U?$year_month_day_base@Vgreg_year@gregorian@boost@@Vgreg_month@23@Vgreg_day@23@@23@@Z</DECORATED>
    <FUNCLINE>82</FUNCLINE>
    <PATH></PATH>
  </DEFECT>
  <DEFECT>
    <SFA>
      <FILEPATH>c:\program files\boost_1_68_0\boost\date_time\</FILEPATH>
      <FILENAME>date_formatting.hpp</FILENAME>
      <LINE>91</LINE>
      <COLUMN>8</COLUMN>
    </SFA>
    <DEFECTCODE>26444</DEFECTCODE>
    <DESCRIPTION>Avoid unnamed objects with custom construction and destruction (es.84).</DESCRIPTION>
    <FUNCTION>boost::date_time::ymd_formatter&lt;boost::date_time::year_month_day_base&lt;boost::gregorian::greg_year,boost::gregorian::greg_month,boost::gregorian::greg_day&gt;,boost::date_time::simple_format&lt;wchar_t&gt;,wchar_t&gt;::ymd_to_string</FUNCTION>
    <DECORATED>?ymd_to_string@?$ymd_formatter@U?$year_month_day_base@Vgreg_year@gregorian@boost@@Vgreg_month@23@Vgreg_day@23@@date_time@boost@@V?$simple_format@_W@23@_W@date_time@boost@@SA?AV?$basic_string@_WU?$char_traits@_W@std@@V?$allocator@_W@2@@std@@U?$year_month_day_base@Vgreg_year@gregorian@boost@@Vgreg_month@23@Vgreg_day@23@@23@@Z</DECORATED>
    <FUNCLINE>82</FUNCLINE>
    <PATH></PATH>
  </DEFECT>
  <DEFECT>
    <SFA>
      <FILEPATH>c:\program files\boost_1_68_0\boost\date_time\</FILEPATH>
      <FILENAME>date_formatting.hpp</FILENAME>
      <LINE>91</LINE>
      <COLUMN>8</COLUMN>
    </SFA>
    <DEFECTCODE>26444</DEFECTCODE>
    <DESCRIPTION>Avoid unnamed objects with custom construction and destruction (es.84).</DESCRIPTION>
    <FUNCTION>boost::date_time::ymd_formatter&lt;boost::date_time::year_month_day_base&lt;boost::gregorian::greg_year,boost::gregorian::greg_month,boost::gregorian::greg_day&gt;,boost::date_time::iso_format&lt;wchar_t&gt;,wchar_t&gt;::ymd_to_string</FUNCTION>
    <DECORATED>?ymd_to_string@?$ymd_formatter@U?$year_month_day_base@Vgreg_year@gregorian@boost@@Vgreg_month@23@Vgreg_day@23@@date_time@boost@@V?$iso_format@_W@23@_W@date_time@boost@@SA?AV?$basic_string@_WU?$char_traits@_W@std@@V?$allocator@_W@2@@std@@U?$year_month_day_base@Vgreg_year@gregorian@boost@@Vgreg_month@23@Vgreg_day@23@@23@@Z</DECORATED>
    <FUNCLINE>82</FUNCLINE>
    <PATH></PATH>
  </DEFECT>
  <DEFECT>
    <SFA>
      <FILEPATH>c:\program files\boost_1_68_0\boost\date_time\</FILEPATH>
      <FILENAME>date_formatting.hpp</FILENAME>
      <LINE>89</LINE>
      <COLUMN>8</COLUMN>
    </SFA>
    <DEFECTCODE>26444</DEFECTCODE>
    <DESCRIPTION>Avoid unnamed objects with custom construction and destruction (es.84).</DESCRIPTION>
    <FUNCTION>boost::date_time::ymd_formatter&lt;boost::date_time::year_month_day_base&lt;boost::gregorian::greg_year,boost::gregorian::greg_month,boost::gregorian::greg_day&gt;,boost::date_time::iso_format&lt;wchar_t&gt;,wchar_t&gt;::ymd_to_string</FUNCTION>
    <DECORATED>?ymd_to_string@?$ymd_formatter@U?$year_month_day_base@Vgreg_year@gregorian@boost@@Vgreg_month@23@Vgreg_day@23@@date_time@boost@@V?$iso_format@_W@23@_W@date_time@boost@@SA?AV?$basic_string@_WU?$char_traits@_W@std@@V?$allocator@_W@2@@std@@U?$year_month_day_base@Vgreg_year@gregorian@boost@@Vgreg_month@23@Vgreg_day@23@@23@@Z</DECORATED>
    <FUNCLINE>82</FUNCLINE>
    <PATH></PATH>
  </DEFECT>
  <DEFECT>
    <SFA>
      <FILEPATH>c:\program files\boost_1_68_0\boost\date_time\</FILEPATH>
      <FILENAME>date_formatting.hpp</FILENAME>
      <LINE>89</LINE>
      <COLUMN>8</COLUMN>
    </SFA>
    <DEFECTCODE>26444</DEFECTCODE>
    <DESCRIPTION>Avoid unnamed objects with custom construction and destruction (es.84).</DESCRIPTION>
    <FUNCTION>boost::date_time::ymd_formatter&lt;boost::date_time::year_month_day_base&lt;boost::gregorian::greg_year,boost::gregorian::greg_month,boost::gregorian::greg_day&gt;,boost::date_time::iso_extended_format&lt;wchar_t&gt;,wchar_t&gt;::ymd_to_string</FUNCTION>
    <DECORATED>?ymd_to_string@?$ymd_formatter@U?$year_month_day_base@Vgreg_year@gregorian@boost@@Vgreg_month@23@Vgreg_day@23@@date_time@boost@@V?$iso_extended_format@_W@23@_W@date_time@boost@@SA?AV?$basic_string@_WU?$char_traits@_W@std@@V?$allocator@_W@2@@std@@U?$year_month_day_base@Vgreg_year@gregorian@boost@@Vgreg_month@23@Vgreg_day@23@@23@@Z</DECORATED>
    <FUNCLINE>82</FUNCLINE>
    <PATH></PATH>
  </DEFECT>
  <DEFECT>
    <SFA>
      <FILEPATH>c:\program files\boost_1_68_0\boost\date_time\</FILEPATH>
      <FILENAME>date_formatting.hpp</FILENAME>
      <LINE>91</LINE>
      <COLUMN>8</COLUMN>
    </SFA>
    <DEFECTCODE>26444</DEFECTCODE>
    <DESCRIPTION>Avoid unnamed objects with custom construction and destruction (es.84).</DESCRIPTION>
    <FUNCTION>boost::date_time::ymd_formatter&lt;boost::date_time::year_month_day_base&lt;boost::gregorian::greg_year,boost::gregorian::greg_month,boost::gregorian::greg_day&gt;,boost::date_time::iso_extended_format&lt;wchar_t&gt;,wchar_t&gt;::ymd_to_string</FUNCTION>
    <DECORATED>?ymd_to_string@?$ymd_formatter@U?$year_month_day_base@Vgreg_year@gregorian@boost@@Vgreg_month@23@Vgreg_day@23@@date_time@boost@@V?$iso_extended_format@_W@23@_W@date_time@boost@@SA?AV?$basic_string@_WU?$char_traits@_W@std@@V?$allocator@_W@2@@std@@U?$year_month_day_base@Vgreg_year@gregorian@boost@@Vgreg_month@23@Vgreg_day@23@@23@@Z</DECORATED>
    <FUNCLINE>82</FUNCLINE>
    <PATH></PATH>
  </DEFECT>
  <DEFECT>
    <SFA>
      <FILEPATH>c:\program files\boost_1_68_0\boost\unordered\detail\</FILEPATH>
      <FILENAME>implementation.hpp</FILENAME>
      <LINE>2761</LINE>
      <COLUMN>8</COLUMN>
    </SFA>
    <DEFECTCODE>26495</DEFECTCODE>
    <DESCRIPTION>Variable 'boost::unordered::detail::functions&lt;boost::hash&lt;std::vector&lt;int,std::allocator&lt;int&gt; &gt; &gt;,std::equal_to&lt;std::vector&lt;int,std::allocator&lt;int&gt; &gt; &gt; &gt;::funcs_' is uninitialized. Always initialize a member variable (type.6).</DESCRIPTION>
    <FUNCTION>boost::unordered::detail::functions&lt;boost::hash&lt;std::vector&lt;int,std::allocator&lt;int&gt; &gt; &gt;,std::equal_to&lt;std::vector&lt;int,std::allocator&lt;int&gt; &gt; &gt; &gt;::{ctor}</FUNCTION>
    <DECORATED>??0?$functions@U?$hash@V?$vector@HV?$allocator@H@std@@@std@@@boost@@U?$equal_to@V?$vector@HV?$allocator@H@std@@@std@@@std@@@detail@unordered@boost@@QEAA@AEBU?$hash@V?$vector@HV?$allocator@H@std@@@std@@@3@AEBU?$equal_to@V?$vector@HV?$allocator@H@std@@@std@@@std@@@Z</DECORATED>
    <FUNCLINE>2761</FUNCLINE>
    <PATH></PATH>
  </DEFECT>
  <DEFECT>
    <SFA>
      <FILEPATH>c:\program files\boost_1_68_0\boost\date_time\</FILEPATH>
      <FILENAME>string_parse_tree.hpp</FILENAME>
      <LINE>275</LINE>
      <COLUMN>0</COLUMN>
    </SFA>
    <DEFECTCODE>26495</DEFECTCODE>
    <DESCRIPTION>Variable 'boost::date_time::string_parse_tree&lt;char&gt;::m_value' is uninitialized. Always initialize a member variable (type.6).</DESCRIPTION>
    <FUNCTION>boost::date_time::string_parse_tree&lt;char&gt;::{ctor}</FUNCTION>
    <DECORATED>??0?$string_parse_tree@D@date_time@boost@@QEAA@$$QEAU012@@Z</DECORATED>
    <FUNCLINE>275</FUNCLINE>
    <PATH></PATH>
  </DEFECT>
  <DEFECT>
    <SFA>
      <FILEPATH>c:\program files\boost_1_68_0\boost\exception\</FILEPATH>
      <FILENAME>exception.hpp</FILENAME>
      <LINE>484</LINE>
      <COLUMN>13</COLUMN>
    </SFA>
    <DEFECTCODE>26439</DEFECTCODE>
    <DESCRIPTION>This kind of function may not throw. Declare it 'noexcept' (f.6).</DESCRIPTION>
    <FUNCTION>boost::exception_detail::clone_impl&lt;boost::exception_detail::error_info_injector&lt;std::invalid_argument&gt; &gt;::{dtor}</FUNCTION>
    <DECORATED>??1?$clone_impl@U?$error_info_injector@Vinvalid_argument@std@@@exception_detail@boost@@@exception_detail@boost@@UEAA@XZ</DECORATED>
    <FUNCLINE>484</FUNCLINE>
    <PATH></PATH>
  </DEFECT>
  <DEFECT>
    <SFA>
      <FILEPATH>c:\program files\boost_1_68_0\boost\exception\</FILEPATH>
      <FILENAME>exception.hpp</FILENAME>
      <LINE>358</LINE>
      <COLUMN>13</COLUMN>
    </SFA>
    <DEFECTCODE>26439</DEFECTCODE>
    <DESCRIPTION>This kind of function may not throw. Declare it 'noexcept' (f.6).</DESCRIPTION>
    <FUNCTION>boost::exception_detail::error_info_injector&lt;std::invalid_argument&gt;::{dtor}</FUNCTION>
    <DECORATED>??1?$error_info_injector@Vinvalid_argument@std@@@exception_detail@boost@@UEAA@XZ</DECORATED>
    <FUNCLINE>358</FUNCLINE>
    <PATH></PATH>
  </DEFECT>
  <DEFECT>
    <SFA>
      <FILEPATH>c:\program files\boost_1_68_0\boost\lexical_cast\detail\</FILEPATH>
      <FILENAME>converter_lexical_streams.hpp</FILENAME>
      <LINE>162</LINE>
      <COLUMN>12</COLUMN>
    </SFA>
    <DEFECTCODE>26495</DEFECTCODE>
    <DESCRIPTION>Variable 'boost::detail::lexical_istream_limited_src&lt;char,std::char_traits&lt;char&gt;,0,2&gt;::buffer' is uninitialized. Always initialize a member variable (type.6).</DESCRIPTION>
    <FUNCTION>boost::detail::lexical_istream_limited_src&lt;char,std::char_traits&lt;char&gt;,0,2&gt;::{ctor}</FUNCTION>
    <DECORATED>??0?$lexical_istream_limited_src@DU?$char_traits@D@std@@$0A@$01@detail@boost@@QEAA@XZ</DECORATED>
    <FUNCLINE>162</FUNCLINE>
    <PATH></PATH>
  </DEFECT>
  <DEFECT>
    <SFA>
      <FILEPATH>c:\program files\boost_1_68_0\boost\lexical_cast\detail\</FILEPATH>
      <FILENAME>converter_lexical_streams.hpp</FILENAME>
      <LINE>162</LINE>
      <COLUMN>12</COLUMN>
    </SFA>
    <DEFECTCODE>26495</DEFECTCODE>
    <DESCRIPTION>Variable 'boost::detail::lexical_istream_limited_src&lt;char,std::char_traits&lt;char&gt;,0,2&gt;::finish' is uninitialized. Always initialize a member variable (type.6).</DESCRIPTION>
    <FUNCTION>boost::detail::lexical_istream_limited_src&lt;char,std::char_traits&lt;char&gt;,0,2&gt;::{ctor}</FUNCTION>
    <DECORATED>??0?$lexical_istream_limited_src@DU?$char_traits@D@std@@$0A@$01@detail@boost@@QEAA@XZ</DECORATED>
    <FUNCLINE>162</FUNCLINE>
    <PATH></PATH>
  </DEFECT>
  <DEFECT>
    <SFA>
      <FILEPATH>c:\program files\boost_1_68_0\boost\lexical_cast\detail\</FILEPATH>
      <FILENAME>converter_lexical_streams.hpp</FILENAME>
      <LINE>162</LINE>
      <COLUMN>12</COLUMN>
    </SFA>
    <DEFECTCODE>26495</DEFECTCODE>
    <DESCRIPTION>Variable 'boost::detail::lexical_istream_limited_src&lt;char,std::char_traits&lt;char&gt;,0,2&gt;::start' is uninitialized. Always initialize a member variable (type.6).</DESCRIPTION>
    <FUNCTION>boost::detail::lexical_istream_limited_src&lt;char,std::char_traits&lt;char&gt;,0,2&gt;::{ctor}</FUNCTION>
    <DECORATED>??0?$lexical_istream_limited_src@DU?$char_traits@D@std@@$0A@$01@detail@boost@@QEAA@XZ</DECORATED>
    <FUNCLINE>162</FUNCLINE>
    <PATH></PATH>
  </DEFECT>
  <DEFECT>
    <SFA>
      <FILEPATH>c:\program files\boost_1_68_0\boost\lexical_cast\</FILEPATH>
      <FILENAME>bad_lexical_cast.hpp</FILENAME>
      <LINE>81</LINE>
      <COLUMN>4</COLUMN>
    </SFA>
    <DEFECTCODE>26495</DEFECTCODE>
    <DESCRIPTION>Variable 'boost::bad_lexical_cast::source' is uninitialized. Always initialize a member variable (type.6).</DESCRIPTION>
    <FUNCTION>boost::bad_lexical_cast::{ctor}</FUNCTION>
    <DECORATED>??0bad_lexical_cast@boost@@QEAA@AEBV01@@Z</DECORATED>
    <FUNCLINE>81</FUNCLINE>
    <PATH></PATH>
  </DEFECT>
  <DEFECT>
    <SFA>
      <FILEPATH>c:\program files\boost_1_68_0\boost\lexical_cast\</FILEPATH>
      <FILENAME>bad_lexical_cast.hpp</FILENAME>
      <LINE>81</LINE>
      <COLUMN>4</COLUMN>
    </SFA>
    <DEFECTCODE>26495</DEFECTCODE>
    <DESCRIPTION>Variable 'boost::bad_lexical_cast::target' is uninitialized. Always initialize a member variable (type.6).</DESCRIPTION>
    <FUNCTION>boost::bad_lexical_cast::{ctor}</FUNCTION>
    <DECORATED>??0bad_lexical_cast@boost@@QEAA@AEBV01@@Z</DECORATED>
    <FUNCLINE>81</FUNCLINE>
    <PATH></PATH>
  </DEFECT>
  <DEFECT>
    <SFA>
      <FILEPATH>c:\program files\boost_1_68_0\boost\iterator\</FILEPATH>
      <FILENAME>transform_iterator.hpp</FILENAME>
      <LINE>131</LINE>
      <COLUMN>0</COLUMN>
    </SFA>
    <DEFECTCODE>26495</DEFECTCODE>
    <DESCRIPTION>Variable 'boost::iterators::transform_iterator&lt;boost::algorithm::detail::to_lowerF&lt;char&gt;,std::_String_const_iterator&lt;std::_String_val&lt;std::_Simple_types&lt;char&gt; &gt; &gt;,boost::iterators::use_default,boost::iterators::use_default&gt;::m_f' is uninitialized. Always initialize a member variable (type.6).</DESCRIPTION>
    <FUNCTION>boost::iterators::transform_iterator&lt;boost::algorithm::detail::to_lowerF&lt;char&gt;,std::_String_const_iterator&lt;std::_String_val&lt;std::_Simple_types&lt;char&gt; &gt; &gt;,boost::iterators::use_default,boost::iterators::use_default&gt;::{ctor}</FUNCTION>
    <DECORATED>??0?$transform_iterator@U?$to_lowerF@D@detail@algorithm@boost@@V?$_String_const_iterator@V?$_String_val@U?$_Simple_types@D@std@@@std@@@std@@Uuse_default@iterators@4@U784@@iterators@boost@@QEAA@AEBV012@@Z</DECORATED>
    <FUNCLINE>131</FUNCLINE>
    <PATH></PATH>
  </DEFECT>
  <DEFECT>
    <SFA>
      <FILEPATH>c:\program files\boost_1_68_0\boost\exception\</FILEPATH>
      <FILENAME>exception.hpp</FILENAME>
      <LINE>484</LINE>
      <COLUMN>13</COLUMN>
    </SFA>
    <DEFECTCODE>26439</DEFECTCODE>
    <DESCRIPTION>This kind of function may not throw. Declare it 'noexcept' (f.6).</DESCRIPTION>
    <FUNCTION>boost::exception_detail::clone_impl&lt;boost::exception_detail::error_info_injector&lt;boost::bad_lexical_cast&gt; &gt;::{dtor}</FUNCTION>
    <DECORATED>??1?$clone_impl@U?$error_info_injector@Vbad_lexical_cast@boost@@@exception_detail@boost@@@exception_detail@boost@@UEAA@XZ</DECORATED>
    <FUNCLINE>484</FUNCLINE>
    <PATH></PATH>
  </DEFECT>
  <DEFECT>
    <SFA>
      <FILEPATH>c:\program files\boost_1_68_0\boost\exception\</FILEPATH>
      <FILENAME>exception.hpp</FILENAME>
      <LINE>358</LINE>
      <COLUMN>13</COLUMN>
    </SFA>
    <DEFECTCODE>26439</DEFECTCODE>
    <DESCRIPTION>This kind of function may not throw. Declare it 'noexcept' (f.6).</DESCRIPTION>
    <FUNCTION>boost::exception_detail::error_info_injector&lt;boost::bad_lexical_cast&gt;::{dtor}</FUNCTION>
    <DECORATED>??1?$error_info_injector@Vbad_lexical_cast@boost@@@exception_detail@boost@@UEAA@XZ</DECORATED>
    <FUNCLINE>358</FUNCLINE>
    <PATH></PATH>
  </DEFECT>
  <DEFECT>
    <SFA>
      <FILEPATH>c:\program files\boost_1_68_0\boost\lexical_cast\detail\</FILEPATH>
      <FILENAME>lcast_unsigned_converters.hpp</FILENAME>
      <LINE>191</LINE>
      <COLUMN>48</COLUMN>
    </SFA>
    <DEFECTCODE>26451</DEFECTCODE>
    <DESCRIPTION>Arithmetic overflow: Using operator '-' on a 4 byte value and then casting the result to a 8 byte value. Cast the value to the wider type before calling operator '-' to avoid overflow (io.2).</DESCRIPTION>
    <FUNCTION>boost::detail::lcast_ret_unsigned&lt;std::char_traits&lt;char&gt;,unsigned __int64,char&gt;::convert</FUNCTION>
    <DECORATED>?convert@?$lcast_ret_unsigned@U?$char_traits@D@std@@_KD@detail@boost@@QEAA_NXZ</DECORATED>
    <FUNCLINE>184</FUNCLINE>
    <PATH></PATH>
  </DEFECT>
  <DEFECT>
    <SFA>
      <FILEPATH>c:\program files\boost_1_68_0\boost\lexical_cast\detail\</FILEPATH>
      <FILENAME>lcast_unsigned_converters.hpp</FILENAME>
      <LINE>262</LINE>
      <COLUMN>58</COLUMN>
    </SFA>
    <DEFECTCODE>26451</DEFECTCODE>
    <DESCRIPTION>Arithmetic overflow: Using operator '-' on a 4 byte value and then casting the result to a 8 byte value. Cast the value to the wider type before calling operator '-' to avoid overflow (io.2).</DESCRIPTION>
    <FUNCTION>boost::detail::lcast_ret_unsigned&lt;std::char_traits&lt;char&gt;,unsigned __int64,char&gt;::main_convert_iteration</FUNCTION>
    <DECORATED>?main_convert_iteration@?$lcast_ret_unsigned@U?$char_traits@D@std@@_KD@detail@boost@@AEAA_NXZ</DECORATED>
    <FUNCLINE>255</FUNCLINE>
    <PATH></PATH>
  </DEFECT>
</DEFECTS>